year;make;count(*)
2001;ACURA;6
2001;AM GENERAL;1
2001;AMERICAN IRONHORSE;7
2001;APRILIA;16
2001;ARCTIC CAT;51
2001;ASTON MARTIN;2
2001;ATK;7
2001;AUDI;13
2001;AVANTI;1
2001;BENTLEY;3
2001;BIG DOG;8
2001;BIMOTA;1
2001;BLUE BIRD;4
2001;BMW;46
2001;BOMBARDIER;6
2001;BUELL;5
2001;BUICK;4
2001;CADILLAC;4
2001;CANNONDALE;2
2001;CHANCE COACH TRANSIT BUS;1
2001;CHEVROLET;42
2001;CHRYSLER;12
2001;COBRA;2
2001;DAEWOO;3
2001;DODGE;22
2001;DUCATI;27
2001;E-TON;10
2001;EL DORADO;2
2001;FERRARI;3
2001;FORD;41
2001;FREIGHTLINER;19
2001;GAS GAS;3
2001;GILLIG;1
2001;GMC;25
2001;HARLEY DAVIDSON;36
2001;HINO;7
2001;HM;1
2001;HONDA;66
2001;HUSABERG;7
2001;HUSQVARNA;11
2001;HYUNDAI;6
2001;INDIAN;3
2001;INFINITI;4
2001;INTERNATIONAL;25
2001;ISUZU;11
2001;JAGUAR;7
2001;JEEP;4
2001;KAWASAKI;61
2001;KENWORTH;8
2001;KIA;6
2001;KTM;28
2001;KYMCO;3
2001;LAFORZA;1
2001;LAMBORGHINI;2
2001;LAND ROVER;3
2001;LEXUS;7
2001;LINCOLN;4
2001;LOTUS;1
2001;MACK;14
2001;MAZDA;10
2001;MERCEDES-BENZ;22
2001;MERCURY;5
2001;MITSUBISHI;6
2001;MITSUBISHI FUSO;11
2001;MOTO GUZZI;5
2001;MOTOR COACH INDUSTRIES;4
2001;MV AGUSTA;2
2001;NEW FLYER;5
2001;NISSAN;13
2001;NOVA BUS CORPORATION;1
2001;OLDSMOBILE;5
2001;ORION BUS;3
2001;OSHKOSH MOTOR TRUCK CO.;2
2001;OTTAWA;3
2001;PANOZ;1
2001;PETERBILT;10
2001;PEUGEOT;3
2001;PLYMOUTH;2
2001;POLARIS;64
2001;PONTIAC;7
2001;PORSCHE;2
2001;QVALE;1
2001;RENAULT;2
2001;ROLLS ROYCE;2
2001;SAAB;2
2001;SATURN;16
2001;SEA-DOO;10
2001;SEAT;1
2001;SKI-DOO;47
2001;STERLING;5
2001;STERLING TRUCK;20
2001;SUBARU;4
2001;SUZUKI;41
2001;TM;3
2001;TOYOTA;16
2001;TRIUMPH;13
2001;UD;8
2001;VICTORY;3
2001;VOLKSWAGEN;12
2001;VOLVO;6
2001;WESTERN STAR;2
2001;WORKHORSE;9
2001;YAMAHA;79
2002;ACURA;7
2002;ALFA ROMEO;2
2002;AMERICAN IRONHORSE;7
2002;APRILIA;20
2002;ARCTIC CAT;65
2002;ASTON MARTIN;2
2002;ATK;3
2002;AUDI;14
2002;AUTOCAR LLC.;1
2002;AVANTI;1
2002;BENTLEY;3
2002;BIG DOG;7
2002;BLUE BIRD;4
2002;BMW;42
2002;BOMBARDIER;13
2002;BUELL;7
2002;BUICK;5
2002;CADILLAC;5
2002;CANNONDALE;7
2002;CHANCE COACH TRANSIT BUS;1
2002;CHEVROLET;47
2002;CHRYSLER;11
2002;COBRA;2
2002;COUNTRY COACH MOTORHOME;4
2002;DAEWOO;3
2002;DODGE;21
2002;DUCATI;30
2002;E-TON;5
2002;EL DORADO;4
2002;FERRARI;5
2002;FORD;41
2002;FREIGHTLINER;22
2002;GAS GAS;3
2002;GILLIG;1
2002;GMC;27
2002;HARLEY DAVIDSON;38
2002;HINO;7
2002;HM;1
2002;HONDA;71
2002;HUMMER;1
2002;HUSABERG;9
2002;HUSQVARNA;15
2002;HYUNDAI;5
2002;INDIAN;3
2002;INFINITI;4
2002;INTERNATIONAL;36
2002;ISUZU;11
2002;JAGUAR;7
2002;JEEP;4
2002;KASEA;1
2002;KAWASAKI;60
2002;KENWORTH;8
2002;KIA;6
2002;KTM;25
2002;KYMCO;7
2002;LAMBORGHINI;1
2002;LAND ROVER;3
2002;LEM;2
2002;LEXUS;8
2002;LINCOLN;5
2002;LOTUS;1
2002;MACK;9
2002;MASERATI;1
2002;MAZDA;10
2002;MERCEDES-BENZ;26
2002;MERCURY;5
2002;MINI;1
2002;MITSUBISHI;7
2002;MITSUBISHI FUSO;10
2002;MORGAN;1
2002;MOTO GUZZI;3
2002;MOTOR COACH INDUSTRIES;4
2002;MV AGUSTA;3
2002;NEW FLYER;6
2002;NISSAN;14
2002;NOVA BUS CORPORATION;1
2002;OLDSMOBILE;5
2002;ORION BUS;3
2002;OSHKOSH MOTOR TRUCK CO.;2
2002;OTTAWA;3
2002;PANOZ;1
2002;PETERBILT;9
2002;PEUGEOT;3
2002;POLARIS;62
2002;PONTIAC;7
2002;PORSCHE;2
2002;QVALE;1
2002;RENAULT;2
2002;ROLLS ROYCE;3
2002;SAAB;2
2002;SALEEN;1
2002;SATURN;15
2002;SEA-DOO;9
2002;SEAT;2
2002;SKI-DOO;68
2002;STERLING;5
2002;STERLING TRUCK;9
2002;SUBARU;4
2002;SUZUKI;47
2002;TM;3
2002;TOYOTA;16
2002;TRIUMPH;13
2002;UD;8
2002;VICTORY;3
2002;VOLKSWAGEN;11
2002;VOLVO;6
2002;WESTERN RV;1
2002;WORKHORSE;13
2002;YAMAHA;70
2003;ACURA;7
2003;AMERICAN IRONHORSE;7
2003;APRILIA;20
2003;ARCTIC CAT;61
2003;ASTON MARTIN;2
2003;ATK;3
2003;AUDI;13
2003;AUTOCAR LLC.;2
2003;AVANTI;1
2003;BENTLEY;3
2003;BIG DOG;7
2003;BLUE BIRD;4
2003;BMW;42
2003;BOMBARDIER;21
2003;BUELL;4
2003;BUICK;5
2003;CADILLAC;6
2003;CANNONDALE;11
2003;CHEVROLET;43
2003;CHRYSLER;8
2003;COBRA;5
2003;COUNTRY COACH MOTORHOME;5
2003;DODGE;24
2003;DUCATI;21
2003;E-TON;3
2003;EL DORADO;4
2003;FERRARI;5
2003;FORD;44
2003;FREIGHTLINER;23
2003;GAS GAS;2
2003;GILLIG;1
2003;GMC;24
2003;HARLEY DAVIDSON;38
2003;HINO;5
2003;HM;1
2003;HONDA;80
2003;HUMMER;2
2003;HUSABERG;6
2003;HUSQVARNA;11
2003;HYUNDAI;8
2003;INDIAN;3
2003;INFINITI;7
2003;INTERNATIONAL;29
2003;ISUZU;10
2003;JAGUAR;7
2003;JEEP;4
2003;KASEA;3
2003;KAWASAKI;69
2003;KENWORTH;8
2003;KIA;6
2003;KTM;28
2003;KYMCO;7
2003;LAMBORGHINI;1
2003;LAND ROVER;3
2003;LEM;7
2003;LEXUS;9
2003;LINCOLN;5
2003;LOTUS;1
2003;MACK;9
2003;MASERATI;2
2003;MAYBACH;2
2003;MAZDA;9
2003;MERCEDES-BENZ;29
2003;MERCURY;4
2003;MINI;1
2003;MITSUBISHI;8
2003;MITSUBISHI FUSO;10
2003;MORGAN;1
2003;MOTO GUZZI;3
2003;MOTOR COACH INDUSTRIES;4
2003;MV AGUSTA;2
2003;NEW FLYER;4
2003;NISSAN;15
2003;NOVA BUS CORPORATION;1
2003;OLDSMOBILE;4
2003;ORION BUS;2
2003;OSHKOSH MOTOR TRUCK CO.;2
2003;PANOZ;1
2003;PETERBILT;9
2003;PEUGEOT;5
2003;POLARIS;65
2003;PONTIAC;7
2003;PORSCHE;3
2003;RENAULT;4
2003;ROVER;1
2003;SAAB;2
2003;SALEEN;1
2003;SATURN;11
2003;SEA-DOO;11
2003;SEAT;5
2003;SKI-DOO;52
2003;STERLING;4
2003;STERLING TRUCK;8
2003;SUBARU;5
2003;SUZUKI;55
2003;TM;4
2003;TOYOTA;17
2003;TRIUMPH;14
2003;UD;8
2003;VENTO;1
2003;VICTORY;3
2003;VOLKSWAGEN;12
2003;VOLVO;8
2003;WESTERN RV;1
2003;WORKHORSE;13
2003;YAMAHA;79
2004;ACURA;7
2004;ALFA ROMEO;2
2004;AMERICAN IRONHORSE;6
2004;APRILIA;23
2004;ARCTIC CAT;80
2004;ASTON MARTIN;2
2004;AUDI;14
2004;AUTOCAR LLC.;2
2004;AVANTI;1
2004;BENTLEY;2
2004;BIG DOG;7
2004;BLUE BIRD;5
2004;BMW;42
2004;BOMBARDIER;27
2004;BUELL;6
2004;BUICK;6
2004;CADILLAC;8
2004;CANNONDALE;6
2004;CHEVROLET;50
2004;CHRYSLER;10
2004;COBRA;2
2004;COUNTRY COACH MOTORHOME;4
2004;DODGE;20
2004;DUCATI;22
2004;E-TON;5
2004;EL DORADO;4
2004;FERRARI;5
2004;FIAT;1
2004;FORD;45
2004;FREIGHTLINER;22
2004;GAS GAS;2
2004;GILLIG;1
2004;GMC;28
2004;HARLEY DAVIDSON;39
2004;HINO;7
2004;HM;1
2004;HONDA;90
2004;HUMMER;2
2004;HUSABERG;7
2004;HUSQVARNA;11
2004;HYUNDAI;6
2004;INFINITI;7
2004;INTERNATIONAL;21
2004;ISUZU;9
2004;JAGUAR;7
2004;JEEP;4
2004;JOHN DEERE;8
2004;KASEA;3
2004;KAWASAKI;61
2004;KENWORTH;8
2004;KIA;7
2004;KTM;30
2004;KUBOTA;1
2004;KYMCO;10
2004;LAMBORGHINI;2
2004;LAND ROVER;3
2004;LEXUS;9
2004;LINCOLN;4
2004;LOTUS;1
2004;MACK;8
2004;MASERATI;3
2004;MAYBACH;2
2004;MAZDA;9
2004;MERCEDES-BENZ;27
2004;MERCURY;5
2004;MINI;1
2004;MITSUBISHI;9
2004;MITSUBISHI FUSO;9
2004;MORGAN;1
2004;MOTO GUZZI;3
2004;MOTOR COACH INDUSTRIES;2
2004;MV AGUSTA;3
2004;NEW FLYER;4
2004;NISSAN;17
2004;NOVA BUS CORPORATION;1
2004;OLDSMOBILE;3
2004;ORION BUS;2
2004;OSHKOSH MOTOR TRUCK CO.;2
2004;PANOZ;1
2004;PETERBILT;8
2004;PEUGEOT;5
2004;POLARIS;68
2004;PONTIAC;9
2004;PORSCHE;4
2004;RENAULT;5
2004;ROLLS ROYCE;1
2004;SAAB;2
2004;SALEEN;1
2004;SATURN;10
2004;SCION;2
2004;SEA-DOO;10
2004;SEAT;5
2004;SKI-DOO;50
2004;SMART;2
2004;STERLING;4
2004;STERLING TRUCK;8
2004;SUBARU;5
2004;SUZUKI;60
2004;TM;8
2004;TOYOTA;19
2004;TRIUMPH;13
2004;UD;8
2004;VENTO;1
2004;VESPA;1
2004;VICTORY;3
2004;VOLKSWAGEN;14
2004;VOLVO;8
2004;WESTERN RV;1
2004;WORKHORSE;13
2004;YAMAHA;94
2005;ACURA;7
2005;ALFA ROMEO;1
2005;AMERICAN IRONHORSE;6
2005;APRILIA;15
2005;ARCTIC CAT;73
2005;ASTON MARTIN;2
2005;AUDI;11
2005;AUTOCAR LLC.;2
2005;AVANTI;1
2005;BENTLEY;2
2005;BIG DOG;7
2005;BLUE BIRD;3
2005;BMW;45
2005;BOMBARDIER;22
2005;BUELL;7
2005;BUICK;8
2005;CADILLAC;8
2005;CANNONDALE;6
2005;CHEVROLET;52
2005;CHRYSLER;8
2005;COBRA;3
2005;COUNTRY COACH MOTORHOME;5
2005;DODGE;21
2005;DUCATI;18
2005;E-TON;9
2005;EL DORADO;4
2005;FERRARI;5
2005;FORD;45
2005;FREIGHTLINER;20
2005;GILLIG;1
2005;GMC;27
2005;HARLEY DAVIDSON;48
2005;HINO;6
2005;HM;1
2005;HONDA;91
2005;HUMMER;1
2005;HUSABERG;8
2005;HUSQVARNA;10
2005;HYOSUNG;3
2005;HYUNDAI;7
2005;INFINITI;5
2005;INTERNATIONAL;28
2005;ISUZU;9
2005;JAGUAR;8
2005;JEEP;4
2005;JOHN DEERE;9
2005;KASEA;3
2005;KAWASAKI;63
2005;KENWORTH;9
2005;KIA;9
2005;KTM;32
2005;KUBOTA;1
2005;KYMCO;13
2005;LAMBORGHINI;2
2005;LAND ROVER;3
2005;LEXUS;9
2005;LINCOLN;4
2005;LOTUS;2
2005;MACK;8
2005;MASERATI;4
2005;MAYBACH;2
2005;MAZDA;9
2005;MERCEDES-BENZ;30
2005;MERCURY;6
2005;MINI;1
2005;MITSUBISHI;7
2005;MITSUBISHI FUSO;8
2005;MORGAN;1
2005;MOTO GUZZI;3
2005;MOTOR COACH INDUSTRIES;3
2005;MV AGUSTA;3
2005;NEW FLYER;1
2005;NISSAN;17
2005;ORION BUS;3
2005;OSHKOSH MOTOR TRUCK CO.;2
2005;PANOZ;1
2005;PETERBILT;9
2005;PEUGEOT;5
2005;PIAGGIO;1
2005;POLARIS;53
2005;PONTIAC;14
2005;PORSCHE;4
2005;RENAULT;5
2005;ROLLS ROYCE;1
2005;SAAB;4
2005;SALEEN;1
2005;SATURN;9
2005;SCION;3
2005;SEA-DOO;9
2005;SEAT;6
2005;SKI-DOO;53
2005;SMART;3
2005;STERLING;4
2005;STERLING TRUCK;8
2005;SUBARU;5
2005;SUZUKI;63
2005;TM;10
2005;TOYOTA;18
2005;TRIUMPH;11
2005;UD;9
2005;VENTO;1
2005;VESPA;1
2005;VICTORY;5
2005;VOLKSWAGEN;13
2005;VOLVO;8
2005;WESTERN RV;1
2005;WORKHORSE;14
2005;YAMAHA;93
2006;ACURA;6
2006;ALFA ROMEO;1
2006;AMERICAN IRONHORSE;5
2006;APRILIA;18
2006;ARCTIC CAT;82
2006;ARGO;6
2006;ASTON MARTIN;3
2006;AUDI;10
2006;AUTOCAR LLC.;2
2006;AVANTI;1
2006;BENTLEY;3
2006;BIG DOG;5
2006;BLUE BIRD;3
2006;BMW;46
2006;BOMBARDIER;18
2006;BUELL;8
2006;BUGATTI;1
2006;BUICK;6
2006;CADILLAC;8
2006;CHEVROLET;48
2006;CHRYSLER;8
2006;COBRA;4
2006;COUNTRY COACH MOTORHOME;5
2006;DODGE;20
2006;DUCATI;18
2006;E-TON;9
2006;EL DORADO;4
2006;FERRARI;3
2006;FIAT;1
2006;FORD;37
2006;FREIGHTLINER;17
2006;GILLIG;1
2006;GMC;24
2006;HARLEY DAVIDSON;50
2006;HINO;7
2006;HM;1
2006;HONDA;93
2006;HUMMER;3
2006;HUSABERG;6
2006;HUSQVARNA;9
2006;HYOSUNG;4
2006;HYUNDAI;7
2006;INFINITI;7
2006;INTERNATIONAL;28
2006;ISUZU;11
2006;JAGUAR;8
2006;JEEP;5
2006;JOHN DEERE;6
2006;KAWASAKI;60
2006;KENWORTH;8
2006;KIA;10
2006;KTM;31
2006;KUBOTA;1
2006;KYMCO;16
2006;LAMBORGHINI;2
2006;LAND ROVER;4
2006;LEXUS;11
2006;LINCOLN;5
2006;LOTUS;2
2006;MACK;10
2006;MASERATI;4
2006;MAYBACH;2
2006;MAZDA;11
2006;MERCEDES-BENZ;39
2006;MERCURY;6
2006;MINI;1
2006;MITSUBISHI;8
2006;MITSUBISHI FUSO;8
2006;MORGAN;2
2006;MOTO GUZZI;1
2006;MOTOR COACH INDUSTRIES;4
2006;MV AGUSTA;4
2006;NISSAN;17
2006;ORION BUS;2
2006;OSHKOSH MOTOR TRUCK CO.;1
2006;PANOZ;1
2006;PETERBILT;9
2006;PEUGEOT;5
2006;PIERCE MFG. INC.;1
2006;POLARIS;60
2006;PONTIAC;12
2006;PORSCHE;5
2006;RENAULT;4
2006;ROLLS ROYCE;1
2006;SAAB;4
2006;SALEEN;1
2006;SATURN;7
2006;SCION;3
2006;SEA-DOO;9
2006;SEAT;6
2006;SKI-DOO;53
2006;SMART;2
2006;STERLING;4
2006;STERLING TRUCK;8
2006;SUBARU;6
2006;SUZUKI;63
2006;TM;10
2006;TOYOTA;17
2006;TRIUMPH;14
2006;UD;9
2006;VENTO;2
2006;VESPA;2
2006;VICTORY;6
2006;VOLKSWAGEN;17
2006;VOLVO;8
2006;WESTERN RV;1
2006;WORKHORSE;9
2006;YAMAHA;107
2007;ACURA;6
2007;ALFA ROMEO;5
2007;AMERICAN IRONHORSE;6
2007;AMERICAN LAFRANCE;2
2007;APRILIA;22
2007;ARCTIC CAT;72
2007;ARGO;7
2007;ASTON MARTIN;2
2007;AUDI;14
2007;AUTOCAR LLC.;2
2007;AVANTI;1
2007;BENTLEY;3
2007;BIG DOG;5
2007;BLUE BIRD;3
2007;BMW;44
2007;BUELL;10
2007;BUICK;6
2007;CADILLAC;9
2007;CAN-AM;23
2007;CHEVROLET;44
2007;CHRYSLER;9
2007;COBRA;6
2007;COUNTRY COACH MOTORHOME;4
2007;CRANE CARRIER;1
2007;CUB CADET;3
2007;DODGE;19
2007;DUCATI;14
2007;E-TON;13
2007;EL DORADO;3
2007;FERRARI;3
2007;FIAT;4
2007;FORD;39
2007;FREIGHTLINER;16
2007;GILLIG;1
2007;GMC;26
2007;HARLEY DAVIDSON;39
2007;HINO;8
2007;HM;1
2007;HONDA;87
2007;HUMMER;2
2007;HUSABERG;6
2007;HUSQVARNA;9
2007;HYOSUNG;7
2007;HYUNDAI;9
2007;INFINITI;6
2007;INTERNATIONAL;28
2007;ISUZU;12
2007;JAGUAR;8
2007;JEEP;6
2007;JOHN DEERE;3
2007;KAWASAKI;51
2007;KENWORTH;7
2007;KIA;11
2007;KTM;28
2007;KUBOTA;2
2007;KYMCO;19
2007;LAMBORGHINI;2
2007;LAND ROVER;3
2007;LEXUS;12
2007;LINCOLN;5
2007;LOTUS;2
2007;MACK;9
2007;MASERATI;3
2007;MAYBACH;2
2007;MAZDA;11
2007;MERCEDES-BENZ;40
2007;MERCURY;6
2007;MINI;1
2007;MITSUBISHI;8
2007;MITSUBISHI FUSO;8
2007;MORGAN;1
2007;MOTO GUZZI;7
2007;MOTOR COACH INDUSTRIES;6
2007;MV AGUSTA;3
2007;NISSAN;19
2007;ORION BUS;2
2007;OSHKOSH MOTOR TRUCK CO.;1
2007;PANOZ;1
2007;PETERBILT;11
2007;PEUGEOT;6
2007;PIAGGIO;4
2007;PIERCE MFG. INC.;5
2007;POLARIS;60
2007;PONTIAC;10
2007;PORSCHE;3
2007;RENAULT;6
2007;ROLLS ROYCE;1
2007;SAAB;3
2007;SATURN;11
2007;SCION;1
2007;SEA-DOO;11
2007;SEAT;4
2007;SKI-DOO;66
2007;SMART;1
2007;STERLING;5
2007;STERLING TRUCK;8
2007;SUBARU;5
2007;SUZUKI;66
2007;TM;10
2007;TOYOTA;19
2007;TRIUMPH;13
2007;UD;9
2007;VESPA;3
2007;VICTORY;7
2007;VOLKSWAGEN;22
2007;VOLVO;9
2007;WORKHORSE;12
2007;YAMAHA;122
2008;ACURA;6
2008;ALFA ROMEO;5
2008;AMERICAN IRONHORSE;4
2008;AMERICAN LAFRANCE;1
2008;APRILIA;15
2008;ARCTIC CAT;67
2008;ARGO;5
2008;ASTON MARTIN;3
2008;AUDI;19
2008;AUTOCAR LLC.;2
2008;BENTLEY;4
2008;BETA;5
2008;BIG DOG;5
2008;BLUE BIRD;2
2008;BMW;48
2008;BOBCAT;6
2008;BUELL;11
2008;BUICK;4
2008;CADILLAC;9
2008;CAN-AM;32
2008;CHEVROLET;43
2008;CHRYSLER;9
2008;COBRA;6
2008;COUNTRY COACH MOTORHOME;4
2008;CUB CADET;1
2008;DODGE;24
2008;DUCATI;14
2008;E-TON;11
2008;EL DORADO;3
2008;FERRARI;3
2008;FIAT;4
2008;FORD;36
2008;FREIGHTLINER;15
2008;GILLIG;1
2008;GMC;24
2008;HARLEY DAVIDSON;35
2008;HINO;10
2008;HONDA;73
2008;HUMMER;2
2008;HUSABERG;6
2008;HUSQVARNA;12
2008;HYOSUNG;11
2008;HYUNDAI;9
2008;INFINITI;8
2008;INTERNATIONAL;24
2008;ISUZU;12
2008;JAGUAR;8
2008;JEEP;6
2008;JOHN DEERE;3
2008;KAWASAKI;58
2008;KENWORTH;9
2008;KIA;11
2008;KTM;25
2008;KUBOTA;1
2008;KYMCO;21
2008;LAMBORGHINI;2
2008;LAND ROVER;4
2008;LEXUS;14
2008;LINCOLN;5
2008;LOTUS;2
2008;MACK;9
2008;MASERATI;2
2008;MAYBACH;2
2008;MAZDA;12
2008;MERCEDES-BENZ;45
2008;MERCURY;5
2008;MINI;1
2008;MITSUBISHI;9
2008;MITSUBISHI FUSO;8
2008;MOTO GUZZI;7
2008;MV AGUSTA;4
2008;NISSAN;22
2008;NOVA BUS CORPORATION;1
2008;ORION BUS;2
2008;OSHKOSH MOTOR TRUCK CO.;1
2008;PETERBILT;17
2008;PEUGEOT;7
2008;PIAGGIO;6
2008;PIERCE MFG. INC.;3
2008;POLARIS;69
2008;PONTIAC;11
2008;PORSCHE;4
2008;RENAULT;7
2008;ROLLS ROYCE;1
2008;SAAB;3
2008;SATURN;5
2008;SCION;3
2008;SEA-DOO;14
2008;SEAT;3
2008;SKI-DOO;54
2008;SMART;1
2008;STERLING;4
2008;STERLING TRUCK;7
2008;SUBARU;5
2008;SUZUKI;61
2008;TESLA;1
2008;TM;10
2008;TOYOTA;19
2008;TRIUMPH;14
2008;UD;8
2008;VESPA;2
2008;VICTORY;14
2008;VOLKSWAGEN;21
2008;VOLVO;9
2008;WESTERN RV;1
2008;WORKHORSE;12
2008;YAMAHA;128
2009;ACURA;6
2009;AMERICAN IRONHORSE;4
2009;AMERICAN LAFRANCE;1
2009;APRILIA;20
2009;ARCTIC CAT;83
2009;ARGO;5
2009;ASTON MARTIN;3
2009;AUDI;19
2009;AUTOCAR LLC.;2
2009;BENTLEY;4
2009;BETA;5
2009;BIG DOG;6
2009;BLUE BIRD;2
2009;BMW;48
2009;BOBCAT;6
2009;BUELL;11
2009;BUICK;4
2009;CADILLAC;8
2009;CAN-AM;27
2009;CHEVROLET;39
2009;CHRYSLER;6
2009;COBRA;5
2009;CUB CADET;3
2009;DODGE;23
2009;DUCATI;14
2009;E-TON;16
2009;EL DORADO;1
2009;FERRARI;4
2009;FIAT;2
2009;FORD;32
2009;FREIGHTLINER;15
2009;GILLIG;1
2009;GMC;24
2009;HARLEY DAVIDSON;35
2009;HINO;10
2009;HONDA;77
2009;HUMMER;3
2009;HUSABERG;2
2009;HUSQVARNA;15
2009;HYOSUNG;9
2009;HYUNDAI;9
2009;INDIAN;4
2009;INFINITI;7
2009;INTERNATIONAL;21
2009;ISUZU;7
2009;JAGUAR;7
2009;JEEP;6
2009;JOHN DEERE;3
2009;KAWASAKI;66
2009;KENWORTH;8
2009;KIA;12
2009;KTM;26
2009;KUBOTA;1
2009;KYMCO;24
2009;LAMBORGHINI;2
2009;LAND ROVER;4
2009;LEXUS;13
2009;LINCOLN;5
2009;LOTUS;2
2009;MACK;6
2009;MASERATI;2
2009;MAYBACH;2
2009;MAZDA;11
2009;MERCEDES-BENZ;43
2009;MERCURY;5
2009;MINI;1
2009;MITSUBISHI;5
2009;MITSUBISHI FUSO;8
2009;MOTO GUZZI;5
2009;MV AGUSTA;2
2009;NISSAN;20
2009;ORION BUS;1
2009;OSHKOSH MOTOR TRUCK CO.;1
2009;PETERBILT;13
2009;PEUGEOT;2
2009;PIAGGIO;6
2009;PIERCE MFG. INC.;4
2009;POLARIS;67
2009;PONTIAC;10
2009;PORSCHE;4
2009;RENAULT;5
2009;ROLLS ROYCE;1
2009;SAAB;3
2009;SATURN;5
2009;SCION;3
2009;SEA-DOO;13
2009;SEAT;3
2009;SKI-DOO;48
2009;SMART;1
2009;STERLING;4
2009;STERLING TRUCK;3
2009;SUBARU;5
2009;SUZUKI;59
2009;TESLA;1
2009;TM;10
2009;TOYOTA;17
2009;TRIUMPH;16
2009;UD;7
2009;VESPA;3
2009;VICTORY;18
2009;VOLKSWAGEN;22
2009;VOLVO;9
2009;WORKHORSE;12
2009;YAMAHA;126
2010;ACURA;7
2010;APRILIA;17
2010;ARCTIC CAT;83
2010;ARGO;7
2010;ASTON MARTIN;4
2010;AUDI;19
2010;AUTOCAR LLC.;1
2010;BENTLEY;2
2010;BIG DOG;9
2010;BLUE BIRD;2
2010;BMW;53
2010;BOBCAT;6
2010;BUELL;10
2010;BUICK;4
2010;CADILLAC;7
2010;CAN-AM;35
2010;CHEVROLET;31
2010;CHRYSLER;5
2010;COBRA;2
2010;CUB CADET;3
2010;DODGE;20
2010;DUCATI;17
2010;E-TON;15
2010;FERRARI;4
2010;FIAT;1
2010;FORD;36
2010;FREIGHTLINER;13
2010;GILLIG;1
2010;GMC;16
2010;HARLEY DAVIDSON;35
2010;HINO;10
2010;HONDA;52
2010;HUMMER;2
2010;HUSABERG;4
2010;HUSQVARNA;12
2010;HYOSUNG;9
2010;HYUNDAI;10
2010;INDIAN;5
2010;INFINITI;7
2010;INTERNATIONAL;20
2010;ISUZU;7
2010;JAGUAR;5
2010;JEEP;6
2010;JOHN DEERE;12
2010;KAWASAKI;53
2010;KENWORTH;9
2010;KIA;11
2010;KTM;25
2010;KUBOTA;3
2010;KYMCO;22
2010;LAMBORGHINI;2
2010;LAND ROVER;4
2010;LEXUS;15
2010;LINCOLN;7
2010;LOTUS;3
2010;MACK;7
2010;MASERATI;2
2010;MAYBACH;2
2010;MAZDA;12
2010;MERCEDES-BENZ;52
2010;MERCURY;4
2010;MINI;1
2010;MITSUBISHI;8
2010;MITSUBISHI FUSO;8
2010;MOTO GUZZI;4
2010;MV AGUSTA;2
2010;NISSAN;22
2010;NOVA BUS CORPORATION;1
2010;OSHKOSH MOTOR TRUCK CO.;1
2010;PETERBILT;16
2010;PEUGEOT;3
2010;PIAGGIO;6
2010;PIERCE MFG. INC.;1
2010;POLARIS;69
2010;PONTIAC;5
2010;PORSCHE;5
2010;RAM;2
2010;RENAULT;4
2010;ROLLS ROYCE;2
2010;SAAB;3
2010;SATURN;3
2010;SCION;3
2010;SEA-DOO;13
2010;SEAT;5
2010;SKI-DOO;60
2010;SMART;1
2010;STERLING;4
2010;STERLING TRUCK;3
2010;SUBARU;5
2010;SUZUKI;12
2010;TESLA;1
2010;TOYOTA;19
2010;TRIUMPH;19
2010;UD;7
2010;VESPA;2
2010;VICTORY;14
2010;VOLKSWAGEN;21
2010;VOLVO;9
2010;WORKHORSE;3
2010;YAMAHA;90
2011;ACURA;7
2011;APRILIA;17
2011;ARCTIC CAT;75
2011;ARGO;3
2011;ASTON MARTIN;5
2011;AUDI;20
2011;AUTOCAR LLC.;1
2011;BENTLEY;2
2011;BIG DOG;11
2011;BLUE BIRD;1
2011;BMW;55
2011;BOBCAT;7
2011;BUICK;4
2011;CADILLAC;7
2011;CAN-AM;37
2011;CHEVROLET;33
2011;CHRYSLER;3
2011;COBRA;3
2011;CUB CADET;2
2011;DODGE;9
2011;DUCATI;12
2011;E-TON;9
2011;FERRARI;5
2011;FIAT;3
2011;FORD;37
2011;FREIGHTLINER;13
2011;GMC;14
2011;HARLEY DAVIDSON;34
2011;HINO;7
2011;HONDA;58
2011;HUSABERG;7
2011;HUSQVARNA;16
2011;HYOSUNG;7
2011;HYUNDAI;10
2011;INDIAN;6
2011;INFINITI;8
2011;INTERNATIONAL;20
2011;ISUZU;8
2011;JAGUAR;5
2011;JEEP;5
2011;JOHN DEERE;13
2011;KAWASAKI;54
2011;KENWORTH;10
2011;KIA;11
2011;KTM;23
2011;KUBOTA;4
2011;KYMCO;24
2011;LAMBORGHINI;1
2011;LAND ROVER;5
2011;LEXUS;15
2011;LINCOLN;7
2011;LOTUS;2
2011;MACK;7
2011;MASERATI;2
2011;MAYBACH;2
2011;MAZDA;9
2011;MERCEDES-BENZ;54
2011;MERCURY;3
2011;MINI;3
2011;MITSUBISHI;9
2011;MITSUBISHI FUSO;8
2011;MOTO GUZZI;6
2011;MV AGUSTA;3
2011;NISSAN;21
2011;OSHKOSH MOTOR TRUCK CO.;1
2011;PETERBILT;14
2011;PEUGEOT;5
2011;PIAGGIO;6
2011;POLARIS;71
2011;PORSCHE;5
2011;RAM;7
2011;RENAULT;2
2011;ROLLS ROYCE;2
2011;SAAB;4
2011;SCION;3
2011;SEA-DOO;17
2011;SEAT;5
2011;SKI-DOO;65
2011;SMART;1
2011;SUBARU;5
2011;SUZUKI;26
2011;TESLA;1
2011;TOYOTA;19
2011;TRIUMPH;29
2011;UD;6
2011;VESPA;3
2011;VICTORY;16
2011;VOLKSWAGEN;19
2011;VOLVO;9
2011;VPG;1
2011;WORKHORSE;3
2011;YAMAHA;95
2012;ACURA;6
2012;ALFA ROMEO;2
2012;APRILIA;13
2012;ARCTIC CAT;81
2012;ARGO;3
2012;ASTON MARTIN;6
2012;AUDI;18
2012;AUTOCAR LLC.;2
2012;BENTLEY;2
2012;BLUE BIRD;1
2012;BMW;60
2012;BOBCAT;7
2012;BUICK;4
2012;CADILLAC;5
2012;CAN-AM;40
2012;CHEVROLET;34
2012;CHRYSLER;3
2012;COBRA;3
2012;CODA;1
2012;CUB CADET;2
2012;DODGE;9
2012;DUCATI;16
2012;FERRARI;3
2012;FIAT;2
2012;FISKER;1
2012;FORD;35
2012;FREIGHTLINER;10
2012;GMC;14
2012;HARLEY DAVIDSON;34
2012;HINO;7
2012;HONDA;78
2012;HUSABERG;6
2012;HUSQVARNA;7
2012;HYOSUNG;8
2012;HYUNDAI;11
2012;INDIAN;3
2012;INFINITI;9
2012;INTERNATIONAL;9
2012;ISUZU;5
2012;JAGUAR;6
2012;JEEP;5
2012;JOHN DEERE;15
2012;KAWASAKI;56
2012;KENWORTH;9
2012;KIA;11
2012;KTM;13
2012;KUBOTA;4
2012;KYMCO;24
2012;LAMBORGHINI;2
2012;LAND ROVER;6
2012;LEXUS;12
2012;LINCOLN;6
2012;LOTUS;1
2012;MACK;9
2012;MASERATI;2
2012;MAYBACH;2
2012;MAZDA;9
2012;MCLAREN;1
2012;MERCEDES-BENZ;50
2012;MINI;3
2012;MITSUBISHI;9
2012;MITSUBISHI FUSO;4
2012;MOTO GUZZI;5
2012;MV AGUSTA;4
2012;NISSAN;25
2012;PETERBILT;13
2012;PEUGEOT;6
2012;PIAGGIO;5
2012;POLARIS;90
2012;PORSCHE;5
2012;RAM;9
2012;RENAULT;4
2012;ROLLS ROYCE;2
2012;SCION;4
2012;SEA-DOO;20
2012;SEAT;4
2012;SKI-DOO;67
2012;SMART;1
2012;SUBARU;6
2012;SUZUKI;36
2012;TESLA;1
2012;TOYOTA;20
2012;TRIUMPH;24
2012;UD;6
2012;VESPA;3
2012;VICTORY;16
2012;VOLKSWAGEN;20
2012;VOLVO;8
2012;VPG;1
2012;YAMAHA;94
2013;ACURA;6
2013;ALFA ROMEO;2
2013;APRILIA;9
2013;ARCTIC CAT;86
2013;ARGO;4
2013;ASTON MARTIN;4
2013;AUDI;26
2013;BENTLEY;2
2013;BLUE BIRD;1
2013;BMW;71
2013;BOBCAT;5
2013;BUGATTI;1
2013;BUICK;5
2013;CADILLAC;7
2013;CAN-AM;55
2013;CHEVROLET;32
2013;CHRYSLER;3
2013;COBRA;3
2013;CODA;1
2013;CUB CADET;2
2013;DODGE;9
2013;DUCATI;16
2013;E-TON;2
2013;FERRARI;5
2013;FIAT;1
2013;FORD;36
2013;FREIGHTLINER;9
2013;GMC;13
2013;HARLEY DAVIDSON;31
2013;HINO;9
2013;HONDA;85
2013;HUSABERG;7
2013;HYOSUNG;8
2013;HYUNDAI;13
2013;INDIAN;5
2013;INFINITI;9
2013;INTERNATIONAL;3
2013;ISUZU;4
2013;JAGUAR;7
2013;JEEP;5
2013;JOHN DEERE;19
2013;KAWASAKI;61
2013;KENWORTH;10
2013;KIA;8
2013;KTM;13
2013;KUBOTA;7
2013;KYMCO;10
2013;LAMBORGHINI;2
2013;LAND ROVER;6
2013;LEXUS;14
2013;LINCOLN;6
2013;LOTUS;1
2013;MACK;9
2013;MASERATI;2
2013;MAZDA;9
2013;MCLAREN;1
2013;MERCEDES-BENZ;57
2013;MINI;3
2013;MITSUBISHI;6
2013;MITSUBISHI FUSO;4
2013;MOTO GUZZI;5
2013;MV AGUSTA;20
2013;NISSAN;23
2013;PETERBILT;16
2013;PEUGEOT;6
2013;PIAGGIO;6
2013;POLARIS;102
2013;PORSCHE;4
2013;RAM;8
2013;RENAULT;5
2013;ROLLS ROYCE;2
2013;SCION;5
2013;SEA-DOO;16
2013;SEAT;4
2013;SKI-DOO;63
2013;SMART;1
2013;SRT;1
2013;SUBARU;10
2013;SUZUKI;39
2013;TESLA;1
2013;TOYOTA;19
2013;TRIUMPH;23
2013;UD;6
2013;VESPA;4
2013;VICTORY;14
2013;VOLKSWAGEN;19
2013;VOLVO;9
2013;YAMAHA;107
2014;ACURA;6
2014;ALFA ROMEO;2
2014;APRILIA;4
2014;ARCTIC CAT;101
2014;ARGO;4
2014;ASTON MARTIN;5
2014;AUDI;27
2014;BENTLEY;2
2014;BLUE BIRD;1
2014;BMW;86
2014;BUGATTI;1
2014;BUICK;5
2014;CADILLAC;7
2014;CAN-AM;61
2014;CHEVROLET;33
2014;CHRYSLER;4
2014;DODGE;7
2014;DUCATI;4
2014;FERRARI;6
2014;FIAT;3
2014;FORD;34
2014;FREIGHTLINER;7
2014;GMC;12
2014;HARLEY DAVIDSON;29
2014;HINO;11
2014;HONDA;91
2014;HUSABERG;4
2014;HUSQVARNA;9
2014;HYUNDAI;13
2014;INDIAN;3
2014;INFINITI;8
2014;JAGUAR;9
2014;JEEP;5
2014;JOHN DEERE;19
2014;KAWASAKI;59
2014;KENWORTH;11
2014;KIA;10
2014;KTM;13
2014;KUBOTA;4
2014;KYMCO;28
2014;LAMBORGHINI;2
2014;LAND ROVER;6
2014;LEXUS;14
2014;LINCOLN;6
2014;LOTUS;1
2014;MACK;9
2014;MASERATI;3
2014;MAZDA;9
2014;MCLAREN;2
2014;MERCEDES-BENZ;60
2014;MINI;3
2014;MITSUBISHI;8
2014;NISSAN;24
2014;PETERBILT;17
2014;PEUGEOT;7
2014;POLARIS;101
2014;PORSCHE;5
2014;RAM;11
2014;RENAULT;4
2014;ROLLS ROYCE;3
2014;SCION;5
2014;SEAT;3
2014;SKI-DOO;67
2014;SMART;1
2014;SRT;1
2014;SUBARU;10
2014;SUZUKI;48
2014;TESLA;2
2014;TOYOTA;19
2014;TRIUMPH;10
2014;VESPA;4
2014;VICTORY;14
2014;VOLKSWAGEN;16
2014;VOLVO;8
2014;YAMAHA;110
2015;ACURA;5
2015;ALFA ROMEO;2
2015;ARCTIC CAT;62
2015;AUDI;29
2015;BENTLEY;2
2015;BERTONE;1
2015;BMW;77
2015;BUICK;6
2015;CADILLAC;7
2015;CHEVROLET;31
2015;CHRYSLER;3
2015;DODGE;7
2015;FIAT;2
2015;FORD;32
2015;FREIGHTLINER;5
2015;GMC;12
2015;HARLEY DAVIDSON;2
2015;HONDA;13
2015;HYUNDAI;14
2015;IC CORPORATION;1
2015;INFINITI;9
2015;JAGUAR;9
2015;JEEP;6
2015;KAWASAKI;4
2015;KENWORTH;8
2015;KIA;12
2015;LAND ROVER;7
2015;LEXUS;17
2015;LINCOLN;6
2015;MACK;9
2015;MASERATI;1
2015;MAZDA;8
2015;MERCEDES-BENZ;61
2015;MINI;3
2015;MITSUBISHI;6
2015;NASH;1
2015;NISSAN;23
2015;PETERBILT;7
2015;PEUGEOT;6
2015;POLARIS;31
2015;PORSCHE;7
2015;RAM;10
2015;RENAULT;2
2015;ROLLS ROYCE;3
2015;SCION;4
2015;SEAT;3
2015;SKI-DOO;70
2015;SMART;1
2015;SUBARU;8
2015;SUZUKI;1
2015;TESLA;2
2015;TOYOTA;16
2015;VICTORY;1
2015;VOLKSWAGEN;13
2015;VOLVO;6
2015;YAMAHA;1
2016;KIA;1
2016;MAZDA;2
2016;VOLVO;1
